target	path
accept_payload	crates/oracledb-protocol/fuzz/fuzz_targets/accept_payload.rs
alter_session	crates/oracledb-protocol/fuzz/fuzz_targets/alter_session.rs
aq_response	crates/oracledb-protocol/fuzz/fuzz_targets/aq_response.rs
auth_response	crates/oracledb-protocol/fuzz/fuzz_targets/auth_response.rs
borrowed_query_response	crates/oracledb-protocol/fuzz/fuzz_targets/borrowed_query_response.rs
connect_string	crates/oracledb-protocol/fuzz/fuzz_targets/connect_string.rs
dbobject_image	crates/oracledb-protocol/fuzz/fuzz_targets/dbobject_image.rs
dbobject_scalars	crates/oracledb-protocol/fuzz/fuzz_targets/dbobject_scalars.rs
dpl_response	crates/oracledb-protocol/fuzz/fuzz_targets/dpl_response.rs
lob_responses	crates/oracledb-protocol/fuzz/fuzz_targets/lob_responses.rs
lob_text_decoder	crates/oracledb-protocol/fuzz/fuzz_targets/lob_text_decoder.rs
oac_record	crates/oracledb-protocol/fuzz/fuzz_targets/oac_record.rs
oson_decoder	crates/oracledb-protocol/fuzz/fuzz_targets/oson_decoder.rs
packet_framing	crates/oracledb-protocol/fuzz/fuzz_targets/packet_framing.rs
query_response	crates/oracledb-protocol/fuzz/fuzz_targets/query_response.rs
scalar_codecs	crates/oracledb-protocol/fuzz/fuzz_targets/scalar_codecs.rs
server_error_info	crates/oracledb-protocol/fuzz/fuzz_targets/server_error_info.rs
sessionless_tpc	crates/oracledb-protocol/fuzz/fuzz_targets/sessionless_tpc.rs
subscr_response	crates/oracledb-protocol/fuzz/fuzz_targets/subscr_response.rs
vector_decoder	crates/oracledb-protocol/fuzz/fuzz_targets/vector_decoder.rs
wallet_parsers	crates/oracledb-protocol/fuzz/fuzz_targets/wallet_parsers.rs
