action	pinned_ref
actions/attest-build-provenance	e8998f949152b193b063cb0ec769d69d929409be
actions/checkout	df4cb1c069e1874edd31b4311f1884172cec0e10
actions/download-artifact	3e5f45b2cfb9172054b4087a40e8e0b5a5461e7c
actions/upload-artifact	043fb46d1a93c77aae656e7c1c64a875d1fc6a0a
dtolnay/rust-toolchain	3c5f7ea28cd621ae0bf5283f0e981fb97b8a7af9
softprops/action-gh-release	7c4723f7a335432393329f8f1c564994ce50185d
Swatinem/rust-cache	42dc69e1aa15d09112580998cf2ef0119e2e91ae
taiki-e/install-action	6385177bd1684e175e09301c9ee3ae18c14a367e
taiki-e/install-action	b8cecb83565409bcc297b2df6e77f030b2a468d5
